#Chinese	#English	#Category Abbrv.	#Category （WZ)	#Reference Source	#相關辭彙	#參考資料	#備註
白象幹部	White Elephant Executive	title		2012 BLIA World Headquarters General Conference			
禪淨共修獻燈祈福法會	Chan and Pure Land Prayer Service	event		A Letter to Dharma Protectors and Friends in 2022 致護法朋友的一封信			
禪淨密三修獻燈祈福法會	Chan, Pure Land, and Esoteric Dharma Function and Light Offering Ceremony	event		2012 BLIA World Headquarters General Conference			
禪與生活	Chan and Life	pub.		國際佛光會世界總會特刊 Buddha's Light International Association World Headquarters Commemorative Journal			
代表	"1. Representative; (not sure of ""Representative"", I remember they are just ""Delegate"")
2. Delegate (BLIA)"	title		BLIA Website 國際佛光會 網站			
當然代表	Ex-officio Delegate (BLIA)	title		BLIA Website 國際佛光會 網站			
讀書會帶領人講習會	Humanistic Buddhism Reading Group Facilitator’s Training Seminar	event		國際佛光會世界總會特刊 Buddha's Light International Association World Headquarters Commemorative Journal			
發心與發展	To Resolve and To Develop	quot.		"Cloud and Water 雲水三千,
佛光山開山四十週年紀念特刊_6國際佛光會 (BLIA Theme)"			
佛誕浴佛法會	Bathing the Buddha Celebration	event		佛光山開山四十週年紀念特刊_6國際佛光會, 佛光山開山四十週年紀念特刊_8佛光道場			
佛光寶寶祝福禮	Fo Guang (Buddha's Light as well) Baby Blessing Ceremony	event		國際佛光會世界總會特刊 Buddha's Light International Association World Headquarters Commemorative Journal			
佛光會督導研習營	BLIA Elder Advisors Seminar	event		Cloud and Water 雲水三千			
佛光會幹部叢林生活營	BLIA Executive Training Seminar	event		Cloud and Water 雲水三千			
佛光菩提眷屬慶祝賀禮	Fo Guang Bodhi Couple Vow Renewal Ceremony	event		佛光山開山四十週年紀念特刊_1佛光宗風			
佛光青年白象幹部培訓	BLIA-YAD White Elephant Training Workshop	event		Fo Guang Shan: Our Report 2016-2017 佛光山我們的報告			
佛光青年成年禮	Fo Guang Adulthood Ceremony	event		Cloud and Water 雲水三千			
佛光青年幹部成長營	Buddha’s Light Young Adult Executive Growth And Development Camp	event		Cloud and Water 雲水三千			
佛光人	Fo Guang member; Buddha’s Light member	h.b.term					
佛光世紀	Buddha’s Light Newsletter	pub.		2002 BLIA World Headquarters 10th Anniverary Special Edition, Standardized All FGS English Names and Terms 2005, 佛光山開山四十週年紀念特刊_6國際佛光會			Publication & Dharma Lecture
佛光體系青年大會師	Fo Guang Shan Youth Summit	event		A Letter to Dharma Protectors and Friends in 2022 致護法朋友的一封信			
佛光童軍服務員知能研習營	Buddha’s Light Scouts Staff Seminar	event		2012 BLIA World Headquarters General Conference			
佛光之夜	Night of the Buddha’s Light	event		2012 BLIA World Headquarters General Conference			
副會長	Vice President (of chapter/subchapter, e.g. BLIA)	title		佛光山宗委會派下徒眾人事一覽表			
副主任委員	1. Deputy Executive Director; 2. Deputy Committee Director (BLIA)	title		BLIA Website 國際佛光會 網站			
復蔬線上公益路跑	VEGRUN	event		A Letter to Dharma Protectors and Friends in 2022 致護法朋友的一封信			
幹部講習會	Leadership Training Seminar	event		Standardized All FGS English Names and Terms 2005			
共生與共榮	Coexistence and Coprosperity	quot.		A Letter to Dharma Protectors and Friends in 2024 致護法朋友的一封信			
共識與開放	Consensus and Openness	event		A Letter to Dharma Protectors and Friends in 2017 致護法朋友的一封信			
觀察員	Observer	title		BLIA Website 國際佛光會 網站			
國定佛誕節暨母親節慶祝大會	National Buddha’s Day and Mother’s Day Celebration	event		2012 BLIA World Headquarters General Conference			
國定佛誕節浴佛大會	National Buddha’s Birthday Bathing the Buddha Celebration	event		佛光山開山四十週年紀念特刊_2新春賀函			
國際佛光會會歌	“BLIA Anthem”	pub.		佛光山開山四十週年紀念特刊_6國際佛光會			
國際佛光會會徽	The BLIA logo	h.b.term		佛光山開山四十週年紀念特刊_6國際佛光會			
國際佛光會會旗	The BLIA flag	h.b.term		佛光山開山四十週年紀念特刊_6國際佛光會			
國際佛光會青年總團	Buddha’s Light International Association Young Adult Division (BLIA-YAD)	dept.					
國際佛光會日	Buddha’s Light Day	event		國際佛光會世界總會特刊 Buddha's Light International Association World Headquarters Commemorative Journal			
國際佛光會世界大會	BLIA World Headquarters General Conference	event		國際佛光會世界會員代表大會			
國際佛光會世界總會	Buddha’s Light International Association World Headquarters (BLIA World Headquarters)	BLIA, dept.					
國際佛光會世界總會會員代表大會	BLIA General Conference	event		佛光山開山四十週年紀念特刊_6國際佛光會			
國際佛光會世界總會理事會議	BLIA World Headquarters Board of Directors Meeting	event		Fo Guang Shan – Our Report 2014 我們的報告			
國際佛光會檀講師	BLIA Lay Dharma Lecturers	title		佛光山開山四十週年紀念特刊_6國際佛光會			
國際佛光會中華總會	BLIA Chunghua Headquarters	dept.					
國際佛光青年會議	International Buddha’s Light BLIA Young Adult Conference	event		佛光山開山四十週年紀念特刊_6國際佛光會			
國際佛光日	International Buddha’s Light Day	event		2002 BLIA World Headquarters 10th Anniverary Special Edition			
歡喜與融和	Joy and Harmony	quot.		Cloud and Water 雲水三千			
環保與心保	Environmental and Spiritual Preservation	pub.		ITC website			
金剛居士	Buddha’s Light Men	term		佛光山開山四十週年紀念特刊_6國際佛光會			
金獅幹部	Golden Lion Executive	title		星雲大師全集			
理事	Director (BLIA)	title		BLIA Website 國際佛光會 網站			
菩薩與義工	Bodhisattva and Volunteer	pub.		人間佛教法要			Title 標題,名稱
菩提眷屬	bodhi couple	exp.		國際佛光會世界總會特刊 Buddha's Light International Association World Headquarters Commemorative Journal			
菩提種子	bodhi seeds	term		佛光山開山四十週年紀念特刊_6國際佛光會			
人間佛教唱歌比賽	Humanistic Buddhism Singing Contest	event		佛光山開山四十週年紀念特刊_6國際佛光會			
人間佛教讀書會初階帶領人培訓	Humanistic Buddhism Reading Group Leadership Training for Beginners	event		國際佛光會世界總會特刊 Buddha's Light International Association World Headquarters Commemorative Journal		https://www.lnanews.com/news/24167	
人間佛教宣講示範	Humanistic Buddhism Speaker Training	event		國際佛光會世界總會特刊 Buddha's Light International Association World Headquarters Commemorative Journal			
人間佛教宣講員	Humanistic Buddhism Speaker	title					
人間佛教研習會	Seminar on Humanistic Buddhism	event		國際佛光會世界總會特刊 Buddha's Light International Association World Headquarters Commemorative Journal			
世界佛光青年大會	International Buddha’s Light Young Adult Conference	event		Standardized All FGS English Names and Terms 2005			
世界佛光童軍大會	World BLIA Scout Jamboree	event		Fo Guang Shan: Our Report 2016-2017 佛光山我們的報告			
世界傑出婦女會議	World Conference of Outstanding Buddhist Women	event		Cloud and Water 雲水三千, 佛光山開山四十週年紀念特刊_6國際佛光會			
蔬食A計畫	Vege Plan A	event		A Letter to Dharma Protectors and Friends in 2022 致護法朋友的一封信			
署理會長	Acting President (BLIA World HQ)	title		佛光山宗委會派下徒眾人事一覽表			
檀講師	Lay Dharma Teacher	title		星雲大師全集			
檀教師	Lay Dharma Lecturer	title		星雲大師全集			
天馬幹部	Pegasus Executive	title		星雲大師全集			
中華佛光青年團員大會	BLIA-YAD Chunghua General Conference	event		Fo Guang Shan – Our Report 2014 我們的報告			
自然與生命	Nature and Life 	quot.		人間佛教法要			
總會長	President (BLIA World HQ)	title		佛光山宗委會派下徒眾人事一覽表			
尊重與包容	Respect and Tolerance	term					
同體與共生	Oneness and Coexistence	quot.		2022 國際佛光會世界總會特刊			
平等與和平	Peace and Equality	quot.		2022 國際佛光會世界總會特刊			
預備檀講師研習	Preparatory Lay Dharma Lecturer Seminar	event		2022 國際佛光會世界總會特刊			
圓滿與自在	Wholeness and Freeness	quot.		2022 國際佛光會世界總會特刊			
公是與公非	One Truth for All	quot.		2022 國際佛光會世界總會特刊			
人間與生活	The Human World and Life	quot.		2022 國際佛光會世界總會特刊			
自覺與行佛	Self-awareness and Practicing the Buddha’s Way	quot.		2022 國際佛光會世界總會特刊			
化世與益人	Change the World and Benefit Humanity	quot.		2022 國際佛光會世界總會特刊			
信仰與傳承	Faith and Legacy	quot.		2022 國際佛光會世界總會特刊			
幸福與安樂	Happiness and Peace	quot.		2022 國際佛光會世界總會特刊			
未來與希望	Future and Hope	quot.		2022 國際佛光會世界總會特刊			
智慧與創新	Wisdom and Innovation	quot.		2022 國際佛光會世界總會特刊			
北美洲線上聯誼會	BLIA North America Online Fellowship Meeting	event		2022 國際佛光會世界總會特刊			
大洋洲聯誼會	BLIA Oceania Fellowship Meeting	event		2022 國際佛光會世界總會特刊			
歐洲佛光幹部講習會	BLIA Europe Executive Seminar	event		2022 國際佛光會世界總會特刊			
人間佛教宣講員培訓	Humanistic Buddhism Speakers Online Training	event		2022 國際佛光會世界總會特刊			
三好微電影國際創作競賽	Three Acts of Goodness International Microfilm Contest	event		2022 國際佛光會世界總會特刊			