#Chinese	#English_df1	#English_df2
一心	single-mindedly	
一心一意	single-mindedness	
一心不亂	state of undisturbed single-mindedness	
一心不二	single-mindedly	
一心不二	Single-Heartedly	
一念三千		The Three Thousand Realms are Within One Moment of Thought
一念之間		A Moment of Thought
一水四見	The Same Water Is Perceived in Four Ways	
一滴水		A Drop of Water
三學增上	The Threefold Training Helps One Advance	
上善若水	The Highest Form of Benevolence Is Gentle Like Water	
不二法門		The Dharma Gate of Non-Duality
不忘初心	Never Forget One’s Initial Aspirations	
不請之友	Be an Uninvited Helper	
九品蓮	Nine Stages of Lotus Incarnation	
人和	Interpersonal Harmony	
人生如畫	Life Is Like a Painting	
人貴知心	A Friend Who Knows You is Most Valuable	
人間淨土	Pure Land on Earth	
仁山智水	Benevolent as a Mountain, Wise as Water	
仁者無敵	The Benevolent Has No Enemy	
以戒為師		Regard Precepts as the Teacher
佛光法水	Buddha’s Light and Dharma Stream	
佛國淨土		Buddha's Light Pureland
佛心	Buddha’s Mind	
佛法為家	Home Is Where the Dharma Is	
佛道	the Buddha Way	
佛道	Way of the Buddha	
信解行證	Faith, Understanding, Practice, and Attainment	
光明在望	Hope Is Within Reach	
光明在望	Hope Is Within Reach	
光明藏		The Treasure of Light
光明藏		The Treasure of Light
光照大千	Light Shines on the Universe	
六時吉祥		The Six Periods of Auspiciousness
六根互用		Cooperation Between the Six Sense Organs
功果圓滿	Perfect Fruit of One’s Efforts	
勤能補拙	A Lack of Talent Can Be Made Up by Hard Work	
千山萬水	Over Mountains and Across Rivers	
合掌人生	A Life of Joined Palms	
吉祥	auspicious blessings	
和而不流	Peaceful Coexistence Without Going with the Flow	
問訊	half bow	
善巧	Skillful	
善惡		Wholesome and Unwholesome
善根	Wholesome Roots	
喜捨	joyful giving	
喜捨	joyful giving	
回頭是岸	Turn Around to Salvation	
地水火風	Earth, Water, Fire and Wind	
增上緣	Positive Conditions	
增上緣	contributory factor	
增上緣	contributory factor	
大巧若拙	The Wise Appears Slow-Witted	
大慈大悲		Great Loving Kindness and Great Compassion
大機大用	The Greater the Capability the Greater the Achievement	
天地人	heaven, earth, and humans	
天地人和		Harmony between People and Nature
天地人心	A Mind Like Earth and Heaven	
天地無私		Selflessness Like Heaven and Earth
天堂路	road to heaven	
天心月圓	The Heart of Heaven Is as Round as the Full Moon	
如意安康	Fulfilled Wishes, Safety, and Health	
妙吉祥		Wondrous Auspiciousness
妙心		A Wondrous Mind
妙心吉祥		A Wondrous Mind Brings Auspiciousness
學愚		Learn to Conceal Your Wisdom
守正守道	Abide by What Is Right, and Abide by the Way	
安心		Settle One's Mind
安心立命		Settle One's Mind and Establish One's Role
安忍		Patience
安然	Peacefulness	
宗風	FGS Philosophy	
寂靜	tranquility	
廣結善緣	broadly develop good affinities	
彈指		Click of the Finger
往好處想	Think Positively	
從善如流	Forge Ahead in Doing What Is Right	
心如明鏡	A Mind Clear as a Mirror	
心如淨蓮	A Mind Pure as a Lotus	
心如秋月		The Mind is Like the Autumn Moon
心心相印	heart-to-heart connection	
心海慈航	A Ferry of Compassion in the Mind's Ocean	
心無罣礙	An Untroubled Mind	
心燈亮了	Light of the Mind Is Illuminating	
心生萬法	all dharmas arise from the mind	
心開意解	All Queries Resolved and Knots Untangled	
心香	A Fragrant Mind	
悟無生忍	Awaken to Non-Arising Tolerance	
悟道	to awaken to the truth	
惜緣		Cherish Affinities
愚拙	Wisdom Disguised as Slow-Wittedness	
慈眼視眾生	Regard Sentient Beings with Compassion	Regard Sentient Being With Compassion
慚愧	humility	
慚愧	humility	
應化	manifestation in response	
應無所住而生其心	to give rise to a mind that does not abide in anything	
我是佛	I am a buddha	
戒定真香	The True Fragrance of Precept and Samadhi	
托缽	Alms-Begging	
收放自如	Maintain Control of Every Step Forward and Backward at Perfect Ease	
放眼天下	Set One’s Eyes on the World	
施無畏		The Giver of Fearlessness
明心見性	to realize the mind and see one's true nature	
明心見性	to realize the mind and see one's true nature	
明心見性	to realize the mind and see one's true nature	
明鏡台		Bright Mirror Stand
景德傳燈錄	Jingde Records of the Transmission of the Lamp	
智仁勇	Wisdom, Benevolence and Courage	
智慧海	sea of wisdom	1. sea of wisdom; 2. Ocean of Wisdom
有佛法就有辦法	Where there is dharma, there is a way	
本來面目	original face	
本立道生	The Path Is Found once the Basis Is Established	
柔軟心		A Soft and Gentle Heart
業力	karmic effect	
止觀	calming and contemplating	
正命	right livelihood	
永不退票	Never go back on our promises	
永不退票	Never go back on our promises	
求人不如求己	it is better to help yourself than to seek help from others	
河沙妙德	Wonderful Virtues as Numerous as the Sands in the River	
法依止	rely on the Dharma	
法同舍	Dharma abode	
法忍	patience attained through Dharma	
法水流心	The Dharma Stream Flows into the Heart	
法水流心	The Dharma Stream Flows into the Heart	
法水長流	Dharma Water Continuously Flows	
法爾如是	Dharma as It Is	
法華	Dharma Flower	
法雨生春		Dharma Rain Brings Spring
法音宣流		Voice of the Dharma Spreads
洞然明白	revealed in perfect clarity	
活出希望	Live with Hope	
海納百川	The Ocean Accepts All Waters	
淨念	Pure Thoughts	
清涼自在	Remain Calm and at Perfect Ease	
清涼自在	Remain Calm and at Perfect Ease	
無住	non-abiding	
無心	No-Mind	
無念		No Thought
無畏	fearless	
無畏	fearless	
無諍	No Disputes	
無量壽	infinite life	
無門		Gateless
無門關		The Gateless Gate
燒頭香	to burn the first incense	
爐香讚	Praise of the Incense Censer	
玄關	entrance	
琉璃世界	Pure Land of Crystal Radiance	
生活美學	The Aesthetics of Life	
發心	Resolve	
皆大歡喜	A Win-Win for All	
皆大歡喜	A Win-Win for All	
真如性海	True Thusness, Ocean of Nature	
真如海	Ocean of True Thusness	
真實義	true meaning	
真空妙有	True Emptiness and Wondrous Existence	
知行合一	Unity of Understanding and Practice	
知行合一	Unity of Understanding and Practice	
知足常樂 能忍自安	Contentment Brings Constant Happiness; Patience Naturally Brings Peace	
祥和歡喜		Harmony and Joy
福德因緣		meritorious causes and conditions
福滿人間	A World Filled with Good Fortune	
福田	field of merit	
禪心	Chan mind	
禪心佛道	The Chan Mind, the Buddha Way	
空有不二	Non-Duality of Emptiness and Existence	
立志	Aspire	
精舍	vihara	
經律論	sutra, vinaya, and abhidharma	
緇素		monastic and laity
緣	Condition	
總持	to hold to the good, total retention	
習氣	habitual tendency	
自在	carefree	Carefree
自在人生	A Carefree Life	A Life at Ease
自覺	self-awareness	
與人為善	Be Kind to Others	
與時俱進	Keep up with the Times	
萬家生佛	Buddha Is in All Families	
萬德莊嚴	Boundless Virtues and Solemnity	
薰習	influence	
行雲流水	Be Like Floating Clouds and Flowing Water	
觀心自在	Remain Carefree by Observing the Mind	
身心自在	Be Carefree in Body and Mind	
造口業	to commit verbal karma	
道在心中	The Path Is in the Mind	
道由心生	The Path Is Found Within the Mind	
遷單	to expel	
醍醐	clarified butter	
量大福大	The Greater the Mind the Greater the Fortune	
金光明心	Mind of Golden Light	
金玉滿堂	A House Full of Gold and Jade	
金玉滿堂	A House Filled with Treasures of Gold and Jade	
開光	inauguration	
開悟	to awaken	
降伏	to subdue	
隨喜	to rejoice [in the welfare of others]	
雲水	cloud and water	
靈感	inspiration	
靜心	Tranquil Mind	
靜慮	Quiet Contemplation	
頭陀	austerities	
養德	Foster Virtue	
饒益有情	to benefit sentient beings	
饒舌		Superfluous Talk
首座	chief	
香水海	Ocean of Fragrant Water	
香水海	Ocean of Fragrant Water	
香積廚	Kitchen of Fragrance	
香積廚	Kitchen of Accumulated Fragrance	
龍象	dragon and elephant	
菩提心	bodhi mind	
雲水天下	Travel Like the Clouds and Water	
雲水天下	Travel Like the Clouds and Water	
安身立命	settle down and get on with one's pursuit	